Cross_Entropy,Accuracy
0.31002438560343537,0.9015544041450777
