Cross_Entropy,Accuracy
0.3773550159279369,0.8958333333333334
