Cross_Entropy,Accuracy
0.27132135749866376,0.9185648148148154
