Cross_Entropy,Accuracy
0.3497229940902612,0.8958333333333334
