Cross_Entropy,Accuracy
0.28220279579730995,0.9109845679012352
