Cross_Entropy,Accuracy
0.29658467633462743,0.9161490683229718
